<?xml version="1.0" encoding="UTF-8" standalone="yes"?>
<addon id="repository.17q" name="17Q Repository" version="1.0.1" provider-name="17Q">
	<extension point="xbmc.addon.repository" name="17Q Repository">
        <dir minversion="17.0">
			<info compressed="false">https://raw.githubusercontent.com/17q/project/master/zips/addons.xml</info>
			<checksum>https://raw.githubusercontent.com/17q/project/master/zips/addons.xml.md5</checksum>
			<datadir zip="true">https://raw.githubusercontent.com/17q/project/master/zips/</datadir>
		</dir>
        <dir minversion="17.0">
			<info compressed="false">https://raw.githubusercontent.com/17q/modules4all/master/zips/addons.xml</info>
			<checksum>https://raw.githubusercontent.com/17q/modules4all/master/zips/addons.xml.md5</checksum>
			<datadir zip="true">https://raw.githubusercontent.com/17q/modules4all/master/zips/</datadir>
		</dir>
        <dir minversion="17.0">
			<info compressed="false">https://raw.githubusercontent.com/Gujal00/smrzips/master/addons.xml</info>
			<checksum>https://raw.githubusercontent.com/Gujal00/smrzips/master/addons.xml.md5</checksum>
			<datadir zip="true">https://raw.githubusercontent.com/Gujal00/smrzips/master/zips/</datadir>
        </dir>
	</extension>
	<extension point="xbmc.addon.metadata">
	    <platform>all</platform>
		<summary lang="en">This is the 17Q Educational Repository</summary>
		<description lang="en">This is the 17Q Educational Repository</description>
		<assets>
			<icon>icon.png</icon>
			<fanart>fanart.jpg</fanart>
		</assets>
	</extension>
</addon>