<?xml version="1.0" encoding="UTF-8" standalone="yes"?>
<addon id="plugin.program.17qwizard" name="17Q Wizard" version="2.0.1" provider-name="17Q">
	<requires>
		<import addon="xbmc.python" version="3.0.0"/>
	</requires>
	<extension point="xbmc.python.pluginsource" library="addon.py">
		<provides>executable</provides>
	</extension>
	<extension point="xbmc.service" library="service.py" />
	<extension point="xbmc.addon.metadata">
		<summary lang="en_GB">[COLOR limegreen]17Q[/COLOR] Wizard for Kodi is a lightweight Wizard for installing builds on Kodi.</summary>
		<description lang="en_GB">[COLOR limegreen]17Q[/COLOR] Wizard offers many maintenance features, selective add-on data saving, and automated build installs.</description>
		<disclaimer lang="en_GB">This Addon contains no content</disclaimer>
		<language>en</language>
		<platform>all</platform>
		<license>GPL-2.0-or-later</license>
		<forum></forum>
		<website></website> 
		<email></email>
		<source>https://17q.github.io/</source>
		<news></news>
		<assets>
				<icon>resources/icon.png</icon>
				<fanart>resources/fanart.jpg</fanart>
				<banner></banner>
				<clearlogo></clearlogo>
				<screenshot></screenshot>
		</assets>
	</extension>
</addon>