<?xml version="1.0" encoding="UTF-8"?>
<window>
    <controls>
        <control type="image">
            <left>0</left>
            <top>0</top>
            <width>1920</width>
            <height>1080</height>
            <texture>common/black.png</texture>
            <animation type="WindowOpen" reversible="false">
                <effect type="fade" start="0" end="80" time="200" tween="sine" easing="in" />
            </animation>
        </control>
        <control type="group">
            <animation type="WindowOpen" reversible="false">
                <effect type="fade" start="0" end="100" time="150" tween="sine" easing="in" />
                <effect type="zoom" start="0" end="100" time="150" center="auto" tween="quadratic" easing="out" />
            </animation>
            <left>500</left>
            <top>325</top>
            <control type="group">
                <left>5</left>
                <top>5</top>
                <control type="label">
                    <top>-40</top>
                    <left>0</left>
                    <width>1035</width>
                    <height>5</height>
                    <font>font10</font>
                    <align>left</align>
                    <aligny>bottom</aligny>
                    <label>[COLOR B3CCCCCC][B]$ADDON[plugin.video.david 33061][/B][/COLOR]</label>
                </control>
                <control type="image">
                    <left>-5</left>
                    <top>-5</top>
                    <height>70</height>
                    <width>920</width>
                    <texture colordiffuse="$INFO[Window(10000).Property(david.highlight)]">common/gradients/gradient-underlayer-horizontal-flipped.png</texture>
                </control>
                <control type="image">
                    <left>-5</left>
                    <top>65</top>
                    <height>360</height>
                    <width>920</width>
                    <texture colordiffuse="FF4a4347">common/white.png</texture>
                </control>
                <control type="image">
                    <left>5</left>
                    <top>5</top>
                    <width>50</width>
                    <height>50</height>
                    <align>right</align>
                    <aligny>top</aligny>
                    <aspectratio aligny="top">keep</aspectratio>
                    <texture colordiffuse="B3CCCCCC">common/david.png</texture>
                </control>
                <control type="image" id="200">
                    <left>640</left>
                    <top>110</top>
                    <width>250</width>
                    <height>250</height>
                    <aspectratio>scale</aspectratio>
                    <aspectratio aligny="top">stretch</aspectratio>
                </control>
                <control type="label" id="2000">
                    <width max="800">auto</width>
                    <top>12</top>
                    <left>80</left>
                    <height>20</height>
                    <font>font12</font>
                    <textcolor>FFFFFFFF</textcolor>
                    <align>center</align>
                </control>
                <control type="textbox" id="2001">
                    <top>190</top>
                    <left>20</left>
                    <width>600</width>
                    <height>180</height>
                    <font>font12</font>
                    <align>center</align>
                    <textcolor>FFB7B4BB</textcolor>
                </control>
                <control type="progress" id="5000">
                    <description>Progressbar</description>
                    <top>395</top>
                    <left>0</left>
                    <width>910</width>
                    <height>25</height>
                    <reveal>true</reveal>
                </control>
            </control>
        </control>
    </controls>
</window>
