<?xml version="1.0" encoding="UTF-8" standalone="yes"?>
<addon id="plugin.program.17q" name="[COLOR limegreen]17Q[/COLOR] Wizard for Matrix" version="1.0.1" provider-name="17Q">
    <requires>
        <import addon="xbmc.python" version="3.0.0" />
        <import addon="script.module.requests" />
        <import addon="script.module.six" />
        <import addon="script.kodi.android.update" optional="true" version="1.1.7" />
        <import addon="script.speedtester" optional="true" version="1.1.2" />
    </requires>
    
    <extension point="xbmc.python.pluginsource" library="default.py">
        <provides>executable</provides>
    </extension>
    
    <extension point="xbmc.service" library="startup.py" start="startup" />
    
    <extension point="xbmc.addon.metadata">
        <summary lang="en">[COLOR limegreen]17Q[/COLOR] Wizard for Kodi Matrix</summary>
        <description lang="en">[COLOR limegreen]17Q[/COLOR] Wizard offers many maintenance features, selective add-on data saving, and automated build installs.</description>
        <platform>all</platform>
        <reuselanguageinvoker>false</reuselanguageinvoker>
        <source>https://17Q.github.io/</source>
        <news>
- Matrix support
        </news>
        <assets>
            <icon>icon.png</icon>
            <fanart>fanart.jpg</fanart>
        </assets>
    </extension>
</addon>
