<?xml version="1.0" encoding="UTF-8" standalone="yes"?>
<addon id="plugin.video.patriot" name=" Patriot" provider-name="17Q" version="1.0.2">
    <requires>
        <import addon="script.module.oathscrapers" />
        <import addon="script.module.resolveurl" />
        <import addon="script.module.requests" />
        <import addon="script.module.six" />
        <import addon="script.module.kodi-six" />
        <import addon="script.module.simplejson" />
        <import addon="script.module.orion" optional="true" />
        <import addon="plugin.video.youtube" optional="true" />
    </requires>
    <extension library="patriot.py" point="xbmc.python.pluginsource">
        <provides>video</provides>
    </extension>
    <extension library="service.py" point="xbmc.service" start="startup" />
    <extension point="xbmc.addon.metadata">
        <reuselanguageinvoker>false</reuselanguageinvoker>
        <summary lang="en_GB">Patriot</summary>
        <description lang="en_GB">[B]Patriot Movies, TV Shows, Trakt and Library Support[/B][CR][CR]This addon does not form part of the Kodi Media Center. Please do not seek assistance with this addon from any of the Official Kodi Support Channels.[CR][CR]The author does not host any of the content in this addon and takes no responsibility for content found.</description>
        <platform>all</platform>
        <license>GNU GENERAL PUBLIC LICENSE. Version 3, 29 June 2007</license>
        <forum />
        <website />
        <source />
        <disclaimer lang="en_GB">The author of this add-on does not host any of the content which is found and has no affiliation with any of the content providers. This add-on simply searches websites for content. Use at your own risk![CR]This project uses the TMDb, Trakt, Fanart.tv APIs, but is not affiliated nor endorsed by any of their respective ogranisations.[CR]Please support these ogranisations however you can.</disclaimer>
        <assets>
            <icon>icon.png</icon>
            <fanart>fanart.jpg</fanart>
        </assets>
        <news>- See Tools/News for updates
- Trakt Account Recommended
- RealDebrid Account Recommended
- VPN Account Recommended
- Initial Version 1.0.1 Exodus/Oath Fork
        </news>
    </extension>
</addon>