<?xml version="1.0" encoding="UTF-8" standalone="yes"?>
<addon id="plugin.program.17qwizard" name="17Q Wizard" version="1.0.0" provider-name="17Q">
  <requires>
    <import addon="xbmc.python" version="2.1.0"/>
  </requires>
  <extension point="xbmc.python.pluginsource" library="default.py">
    <provides>executable</provides>
  </extension>
  <extension point="xbmc.service" library="startup.py" start="startup" />
  <extension point="xbmc.addon.metadata">
    <summary lang="en">17Q Wizard for Kodi</summary>
    <description lang="en">17Q Wizard offers many maintenance features, selective add-on data saving, and automated build installs.</description>
    <platform>all</platform>
  </extension>
</addon>
