<addon id="plugin.video.patriotlight" name="PatriotLight" provider-name="17Q" version="1.0.0">
    <requires>
        <import addon="xbmc.python" version="3.0.0"/>
        <import addon="script.module.pil" version="1.1.7"/>
        <import addon="script.module.requests" version="2.19.1"/>
    </requires>
    <extension point="xbmc.python.pluginsource" library="resources/lib/patriotlight.py">
        <provides>video</provides>
    </extension>
    <extension point="xbmc.service" library="resources/lib/service.py"/>
    <extension point="xbmc.python.module" library="resources/lib/"/>
    <extension point="xbmc.addon.metadata">
        <reuselanguageinvoker>true</reuselanguageinvoker>
        <summary lang="en">Access your content from Easynews and Debrid Clouds.</summary>
        <description lang="en">[B]Patriot: a person who loves his or her country and boldly supports and defends it. Enjoy![/B][CR][CR]This addon does not form part of the Kodi Media Center. Please do not seek assistance with this addon from any of the Official Kodi Support Channels.[CR][CR]The author does not host any of the content in this addon and takes no responsibility for content found.</description>
        <platform>all</platform>
		<disclaimer lang="en">The author of this add-on does not host any of the content which is found and has no affiliation with any of the content providers. This add-on simply searches websites for content. Use at your own risk![CR]This project uses the TMDb, Trakt, Fanart.tv APIs, but is not affiliated nor endorsed by any of their respective organizations.[CR]Please support these organizations however you can.</disclaimer>
        <license/>
        <assets>
            <icon>resources/media/addon_icons/patriotlight_icon_01.png</icon>
            <fanart>resources/media/patriotlight_fanart_01.jpg</fanart>
        </assets>
        <news>INFO: For latest changes see Changelog within Tools of add-on.</news>
    </extension>
</addon>